Iteration,BiasScorer,UserKNNScorer,ItemKNNScorer,BiasedMFScorer,ImplicitMFScorer,FunkSVDScorer,BiasedSVDScorer
1,4.162574,4.113706,3.8661308,3.9026837,0.72154886,4.189046,4.0956826
2,4.162574,4.113706,3.8661308,3.8669534,0.7753306,4.189636,4.032732
3,4.162574,4.113706,3.8661308,3.929524,0.8841396,4.1883397,4.010227
