Iteration,BiasScorer,UserKNNScorer,ItemKNNScorer,BiasedMFScorer,ImplicitMFScorer,FunkSVDScorer,BiasedSVDScorer
1,4.162574,4.113706,3.8661308,3.8346016,0.89236045,4.188756,4.06399
2,4.162574,4.113706,3.8661308,3.8346016,0.89236045,4.188756,4.06399
3,4.162574,4.113706,3.8661308,3.8346016,0.89236045,4.188756,4.06399
